{
    "dataset": "VG_DOIR_RSVG_test",
    "model": "qwen3.5-0.8b-grpo-vg-merged",
    "num_samples": 7500,
    "num_boxes": 7500,
    "iou_threshold": 0.5,
    "bbox_normalize_bound": 800.0,
    "precision": 0.7258666666666667,
    "precision_S": 0.4179658500371195,
    "count_S": 1347,
    "precision_M": 0.6877697841726619,
    "count_M": 2085,
    "precision_L": 0.8473451327433629,
    "count_L": 4068
}